symbol,model,objective,final_capital,buy_hold_final_capital,exposure,trades,strategy_total_return,strategy_annual_return,strategy_annual_vol,strategy_sharpe,strategy_max_drawdown,strategy_win_rate,buy_hold_total_return,buy_hold_annual_return,buy_hold_sharpe,buy_hold_max_drawdown,excess_total_return,agg_asset_top_n,agg_market_top_n,agg_min_abs_article_score,agg_score_power,agg_market_filter,signal_variant,signal_adaptive_k,signal_min_alpha,signal_max_alpha,signal_threshold,signal_conflict_policy,signal_conflict_threshold,signal_market_gate,signal_market_gate_threshold,signal_alpha
ADA-USDT,sentiment_sft_stage2,return,671.3019835796282,361.62601626016226,0.6219178082191781,122,-0.3286980164203718,-0.3286980164203718,1.0104405375201342,0.0384651500845208,-0.618105725409845,0.29315068493150687,-0.6383739837398382,-0.6383739837398382,-0.41265410983980383,-0.7061828430509078,0.30967596731946645,6,48,0.06,0.0,all,hybrid_adaptive,4.0,0.65,0.95,0.03,none,0.08,none,0.03,
BTC-USDT,sentiment_sft_stage2,return,1014.2624166774352,926.518271055455,0.8904109589041096,18,0.014262416677435219,0.014262416677435219,0.39011810977877626,0.23102120054880176,-0.2545277407474821,0.44931506849315067,-0.07348172894454641,-0.07348172894454641,0.024799477485145868,-0.3202930867148458,0.08774414562198163,12,48,0.0,0.0,all,asset_only,,,,0.15,neutral,0.08,none,0.03,
DOGE-USDT,sentiment_sft_stage2,return,1928.45242613894,361.34608877541626,0.27123287671232876,88,0.92845242613894,0.92845242613894,0.48690762651290037,1.5846386676289668,-0.21038089854717568,0.136986301369863,-0.6386539112245839,-0.6386539112245839,-0.6260478675394897,-0.7170829218949449,1.567106337363524,6,48,0.1,0.0,all,hybrid_fixed,,,,0.03,none,0.08,none,0.03,0.8
ETH-USDT,sentiment_sft_stage2,return,1229.0743665238952,884.3047512483721,0.8191780821917808,75,0.22907436652389523,0.22907436652389523,0.6647204890975125,0.6363137060310798,-0.5072915066984959,0.40821917808219177,-0.11569524875162818,-0.11569524875162818,0.20628662804045939,-0.60041762145598,0.3447696152755234,6,24,0.0,0.0,all,hybrid_fixed,,,,0.05,none,0.08,none,0.03,0.65
HBAR-USDT,sentiment_sft_stage2,return,406.2400001028003,360.68521031207496,0.852054794520548,68,-0.5937599998971996,-0.5937599998971996,0.8428305162997862,-0.6458047315508596,-0.7018332334979617,0.40821917808219177,-0.6393147896879252,-0.6393147896879252,-0.6527242896054699,-0.72007582837156,0.04555478979072558,12,12,0.0,0.0,all,hybrid_fixed,,,,0.03,none,0.08,none,0.03,0.8
LINK-USDT,sentiment_sft_stage2,return,594.5479030467499,561.671575846833,0.9863013698630136,7,-0.40545209695325013,-0.40545209695325013,0.9030556243312183,-0.12137969909209606,-0.5591712377846385,0.4767123287671233,-0.4383284241531674,-0.4383284241531674,-0.17951644407387243,-0.5903072133238303,0.03287632719991729,6,24,0.0,0.0,all,market_only,,,,0.05,neutral,0.08,none,0.03,
LTC-USDT,sentiment_sft_stage2,return,821.3681603886091,730.2612826603332,0.9424657534246575,22,-0.17863183961139084,-0.17863183961139084,0.7770220982931977,0.14054796449472978,-0.4856600943825413,0.4712328767123288,-0.26973871733966615,-0.26973871733966615,-0.0027730591109445856,-0.4952936884348774,0.0911068777282753,6,12,0.0,0.0,all,market_only,,,,0.08,neutral,0.08,none,0.03,
OKB-USDT,sentiment_sft_stage2,return,4779.282880454,2258.649093904446,0.7780821917808219,7,3.7792828804540006,3.7792828804540006,1.4742440273857782,1.5452362411024445,-0.30511073253833065,0.36712328767123287,1.2586490939044457,1.2586490939044457,1.0485106610910644,-0.5694977328217647,2.520633786549555,6,48,0.0,0.0,all,hybrid_fixed,,,,0.08,none,0.08,none,0.03,0.8
TRX-USDT,sentiment_sft_stage2,return,1156.9166823085302,1111.6884131572792,0.9835616438356164,5,0.15691668230853018,0.15691668230853018,0.3893598282912075,0.5691676452720338,-0.2607782716588042,0.5013698630136987,0.11168841315727951,0.11168841315727951,0.4663583122282575,-0.2607782716588041,0.045228269151250666,6,24,0.0,0.0,all,hybrid_fixed,,,,0.15,neutral,0.08,none,0.03,0.8
XRP-USDT,sentiment_sft_stage2,return,1025.3374166429496,789.6519204389563,0.936986301369863,24,0.02533741664294964,0.02533741664294964,0.8010100520966856,0.42007851841754407,-0.455985395020743,0.4575342465753425,-0.21034807956104484,-0.21034807956104484,0.11645313330518921,-0.49094595736292235,0.23568549620399448,24,12,0.1,0.0,all,hybrid_fixed,,,,0.1,none,0.08,none,0.03,0.8
