timestamp,symbol,open,high,low,close,volume,source,frequency
2024-01-01T00:00:00Z,BTC-USDT,100.0,102.0,99.0,101.0,1000,synthetic_fixture,1h
2024-01-01T00:00:00Z,ETH-USDT,50.0,51.0,49.0,50.5,800,synthetic_fixture,1h
2024-01-01T01:00:00Z,BTC-USDT,101.0,103.0,100.0,102.0,1020,synthetic_fixture,1h
2024-01-01T01:00:00Z,ETH-USDT,50.5,51.0,49.5,50.0,820,synthetic_fixture,1h
2024-01-01T02:00:00Z,BTC-USDT,102.0,104.0,101.0,103.0,1040,synthetic_fixture,1h
2024-01-01T02:00:00Z,ETH-USDT,50.0,50.8,49.0,49.5,810,synthetic_fixture,1h
2024-01-01T03:00:00Z,BTC-USDT,103.0,104.5,102.0,102.5,1030,synthetic_fixture,1h
2024-01-01T03:00:00Z,ETH-USDT,49.5,50.5,49.0,50.2,830,synthetic_fixture,1h
2024-01-01T04:00:00Z,BTC-USDT,102.5,105.0,102.0,104.0,1080,synthetic_fixture,1h
2024-01-01T04:00:00Z,ETH-USDT,50.2,51.5,50.0,51.0,850,synthetic_fixture,1h
2024-01-01T05:00:00Z,BTC-USDT,104.0,106.0,103.0,105.5,1100,synthetic_fixture,1h
2024-01-01T05:00:00Z,ETH-USDT,51.0,51.2,49.8,50.0,870,synthetic_fixture,1h
2024-01-01T06:00:00Z,BTC-USDT,105.5,106.0,104.0,104.5,1090,synthetic_fixture,1h
2024-01-01T06:00:00Z,ETH-USDT,50.0,51.0,49.5,50.8,860,synthetic_fixture,1h
2024-01-01T07:00:00Z,BTC-USDT,104.5,107.0,104.0,106.0,1120,synthetic_fixture,1h
2024-01-01T07:00:00Z,ETH-USDT,50.8,52.0,50.5,51.5,890,synthetic_fixture,1h
2024-01-01T08:00:00Z,BTC-USDT,106.0,108.0,105.5,107.5,1150,synthetic_fixture,1h
2024-01-01T08:00:00Z,ETH-USDT,51.5,52.0,50.0,50.5,900,synthetic_fixture,1h
2024-01-01T09:00:00Z,BTC-USDT,107.5,108.0,106.0,106.5,1140,synthetic_fixture,1h
2024-01-01T09:00:00Z,ETH-USDT,50.5,51.8,50.0,51.2,910,synthetic_fixture,1h
2024-01-01T10:00:00Z,BTC-USDT,106.5,109.0,106.0,108.0,1180,synthetic_fixture,1h
2024-01-01T10:00:00Z,ETH-USDT,51.2,52.5,51.0,52.0,930,synthetic_fixture,1h
2024-01-01T11:00:00Z,BTC-USDT,108.0,110.0,107.5,109.5,1200,synthetic_fixture,1h
2024-01-01T11:00:00Z,ETH-USDT,52.0,52.2,50.8,51.0,940,synthetic_fixture,1h
2024-01-01T12:00:00Z,BTC-USDT,109.5,110.0,108.0,108.5,1190,synthetic_fixture,1h
2024-01-01T12:00:00Z,ETH-USDT,51.0,52.0,50.5,51.8,950,synthetic_fixture,1h
2024-01-01T13:00:00Z,BTC-USDT,108.5,111.0,108.0,110.0,1220,synthetic_fixture,1h
2024-01-01T13:00:00Z,ETH-USDT,51.8,53.0,51.5,52.5,970,synthetic_fixture,1h
2024-01-01T14:00:00Z,BTC-USDT,110.0,112.0,109.5,111.5,1250,synthetic_fixture,1h
2024-01-01T14:00:00Z,ETH-USDT,52.5,53.0,51.0,51.5,980,synthetic_fixture,1h
2024-01-01T15:00:00Z,BTC-USDT,111.5,112.0,110.0,110.5,1240,synthetic_fixture,1h
2024-01-01T15:00:00Z,ETH-USDT,51.5,52.8,51.0,52.2,990,synthetic_fixture,1h
2024-01-01T16:00:00Z,BTC-USDT,110.5,113.0,110.0,112.0,1280,synthetic_fixture,1h
2024-01-01T16:00:00Z,ETH-USDT,52.2,53.5,52.0,53.0,1010,synthetic_fixture,1h
2024-01-01T17:00:00Z,BTC-USDT,112.0,114.0,111.5,113.5,1300,synthetic_fixture,1h
2024-01-01T17:00:00Z,ETH-USDT,53.0,53.2,51.8,52.0,1020,synthetic_fixture,1h
2024-01-01T18:00:00Z,BTC-USDT,113.5,114.0,112.0,112.5,1290,synthetic_fixture,1h
2024-01-01T18:00:00Z,ETH-USDT,52.0,53.0,51.5,52.8,1030,synthetic_fixture,1h
2024-01-01T19:00:00Z,BTC-USDT,112.5,115.0,112.0,114.0,1320,synthetic_fixture,1h
2024-01-01T19:00:00Z,ETH-USDT,52.8,54.0,52.5,53.5,1050,synthetic_fixture,1h
