date,symbol,close
2024-01-01,BTC-USDT,100
2024-01-01,ETH-USDT,200
2024-01-02,BTC-USDT,105
2024-01-02,ETH-USDT,198
2024-01-03,BTC-USDT,110
2024-01-03,ETH-USDT,202
2024-01-04,BTC-USDT,100
2024-01-04,ETH-USDT,210
2024-01-05,BTC-USDT,102
2024-01-05,ETH-USDT,205
2024-01-06,BTC-USDT,108
2024-01-06,ETH-USDT,215
2025-01-01,BTC-USDT,120
2025-01-01,ETH-USDT,220
2025-01-02,BTC-USDT,126
2025-01-02,ETH-USDT,225
2025-01-03,BTC-USDT,132
2025-01-03,ETH-USDT,216
2025-01-04,BTC-USDT,124
2025-01-04,ETH-USDT,218
2025-01-05,BTC-USDT,128
2025-01-05,ETH-USDT,229
2025-01-06,BTC-USDT,136
2025-01-06,ETH-USDT,235
